PR ID,Title,State,Created At,Merged At,Closed At,Labels,Base Branch,Head Branch,Files Changed,Lines Added,Lines Deleted,Commits,Comments,Review Comments,Reviewers,Review States,Draft Status,Linked Issues,Repository ID,"Repository Size (Stars, Forks, Contributors, Commits)","Repository Activity (Commits, PRs, Issues)","Project Phase (Before Major Release, After Major Release, Active Phase)"
2338184809,add optfunc2,open,2025-02-16T11:47:05Z,,,,master,yjloong-patch-1,,,,,,,,,False,,21289110,"234165, 25290, None, None","0, 30, 3","None, None, False"
2338059620,Added docstrings to improve documentation in sort_blocks and in main function and also add another exception handeled.,open,2025-02-16T05:41:18Z,,,,master,add-docstrings,,,,,,,,,False,,21289110,"234165, 25290, None, None","0, 30, 4","None, None, False"
2334173262,[Edited] Add docstring to improve documentation,open,2025-02-13T15:58:31Z,,,,master,master,,,,,,,,,False,,21289110,"234165, 25290, None, None","0, 30, 7","None, None, False"
2321339727,Remove Orator ORM which is no longer maintained,open,2025-02-07T02:35:27Z,,,,master,remove-orator-orm,,,,,,,,,False,,21289110,"234165, 25290, None, None","0, 30, 12","None, None, False"
2311158340,Update README.md,open,2025-02-02T09:14:33Z,,,,master,patch-1,,,,,,,,,False,,21289110,"234165, 25290, None, None","0, 30, 16","None, None, False"
2308781823,Add Portable Python Bundles on MS Windows,open,2025-01-31T10:39:24Z,,,,master,add-project-bundles,,,,,,,,,False,,21289110,"234165, 25290, None, None","0, 30, 17","None, None, False"
2308133887,Create codeql.ymfhj,open,2025-01-31T02:05:10Z,,,,master,master,,,,,,,,,False,,21289110,"234165, 25290, None, None","0, 30, 17","None, None, False"
2294122395,Ensure consistency by adding missing period in README,open,2025-01-23T10:17:49Z,,,,master,master,,,,,,,,,False,,21289110,"234165, 25290, None, None","0, 30, 18","None, None, False"
2292069078,A√±adido nuevo recurso a la lista,open,2025-01-22T11:56:03Z,,,,master,mejora-lista,,,,,,,,,False,,21289110,"234165, 25290, None, None","0, 30, 18","None, None, False"
2291867172,Add my name to the contributor List,open,2025-01-22T10:14:53Z,,,,master,update-readme,,,,,,,,,False,,21289110,"234165, 25290, None, None","0, 30, 18","None, None, False"
2288367611,Add killpy to python env,open,2025-01-20T18:04:36Z,,,,master,patch-1,,,,,,,,,False,,21289110,"234165, 25290, None, None","0, 30, 19","None, None, False"
2283841162,Update README.md: new xonsh description,open,2025-01-17T09:14:27Z,,,,master,patch-3,,,,,,,,,False,,21289110,"234165, 25290, None, None","0, 30, 23","None, None, False"
2272995033,Adding Jam.py as Web framework,open,2025-01-13T05:12:35Z,,,,master,master,,,,,,,,,False,,21289110,"234165, 25290, None, None","0, 30, 26","None, None, False"
2262437254,Add PyGMTSAR (Python InSAR): Powerful and Accessible Satellite Interferometry,open,2025-01-06T18:25:49Z,,,,master,master,,,,,,,,,False,,21289110,"234165, 25290, None, None","0, 30, 29","None, None, False"
2260917480,Added Darts: A Time Series Forecasting Library,open,2025-01-05T22:50:20Z,,,,master,add-darts,,,,,,,,,False,,21289110,"234165, 25290, None, None","0, 30, 30","None, None, False"
2260914812,Added Pycobra: A library for ensemble learning and visualization,open,2025-01-05T22:40:35Z,,,,master,add-pycobra,,,,,,,,,False,,21289110,"234165, 25290, None, None","0, 30, 30","None, None, False"
2258668822,Add Hyperbrowser,open,2025-01-03T03:30:18Z,,,,master,patch-1,,,,,,,,,False,,21289110,"234165, 25290, None, None","0, 30, 30","None, None, False"
2257015141,Add PyMol,open,2025-01-01T11:53:09Z,,,,master,pymol,,,,,,,,,False,,21289110,"234165, 25290, None, None","0, 30, 30","None, None, False"
2256398368,Add Hercules to Testing section,open,2024-12-31T12:11:07Z,,,,master,patch-1,,,,,,,,,False,,21289110,"234165, 25290, None, None","0, 30, 30","None, None, False"
2251820636,Add markitdown,open,2024-12-25T19:47:02Z,,,,master,master,,,,,,,,,False,,21289110,"234165, 25290, None, None","0, 30, 30","None, None, False"
2251813801,Add Deply,open,2024-12-25T19:16:12Z,,,,master,patch-1,,,,,,,,,False,,21289110,"234165, 25290, None, None","0, 30, 30","None, None, False"
2248144310,Add Playwright to the list of web testing tools,open,2024-12-21T20:58:15Z,,,,master,patch-1,,,,,,,,,False,,21289110,"234165, 25290, None, None","0, 30, 30","None, None, False"
2235164415,add my pet project,open,2024-12-14T14:22:30Z,,,,master,add-my-contribution,,,,,,,,,False,,21289110,"234165, 25290, None, None","0, 30, 30","None, None, False"
2221605684,Add PyCairo,open,2024-12-07T19:54:21Z,,,,master,patch-1,,,,,,,,,False,,21289110,"234165, 25290, None, None","0, 30, 30","None, None, False"
2219943601,Add email-validator,open,2024-12-06T12:06:59Z,,,,master,patch-1,,,,,,,,,False,,21289110,"234165, 25290, None, None","0, 30, 30","None, None, False"
2189636973,add ta-lib-python,open,2024-11-20T10:46:47Z,,,,master,master,,,,,,,,,False,,21289110,"234165, 25290, None, None","0, 30, 30","None, None, False"
2172290953,Add sentence-transformers,open,2024-11-11T09:02:29Z,,,,master,Add-Sentence-Transformer,,,,,,,,,False,,21289110,"234165, 25290, None, None","0, 30, 30","None, None, False"
2168325472,Add Langchain to the list,open,2024-11-07T21:24:07Z,,,,master,add-langchain,,,,,,,,,False,,21289110,"234165, 25290, None, None","0, 30, 30","None, None, False"
2154091101,Add Pyved-engine,open,2024-10-30T14:21:20Z,,,,master,master,,,,,,,,,False,,21289110,"234166, 25290, None, None","0, 30, 30","None, None, False"
2147688184,docs: update README,open,2024-10-27T12:13:20Z,,,,master,readme-update,,,,,,,,,False,,21289110,"234166, 25290, None, None","0, 30, 30","None, None, False"
2124968423,add scrapegraphai,open,2024-10-15T11:02:15Z,,,,master,patch-1,,,,,,,,,False,,21289110,"234166, 25290, None, None","0, 30, 30","None, None, False"
2115555891,Add simputils-config,open,2024-10-09T15:18:16Z,,,,master,master,,,,,,,,,False,,21289110,"234166, 25290, None, None","0, 30, 30","None, None, False"
2104458567,Add iWF,open,2024-10-02T23:14:48Z,,,,master,longquanzheng-patch-1,,,,,,,,,False,,21289110,"234166, 25290, None, None","0, 30, 30","None, None, False"
2099766663,Add Reflex,open,2024-09-30T18:19:28Z,,,,master,patch-1,,,,,,,,,False,,21289110,"234166, 25290, None, None","0, 30, 30","None, None, False"
2083511796,add GlassFlow,open,2024-09-20T16:02:31Z,,,,master,master,,,,,,,,,False,,21289110,"234166, 25290, None, None","0, 30, 30","None, None, False"
2075959738,Add ruff linter,open,2024-09-17T09:52:09Z,,,,master,MatteoGuadrini-patch-1,,,,,,,,,False,,21289110,"234166, 25290, None, None","0, 30, 30","None, None, False"
2059569477,Updated sort.py,open,2024-09-08T05:00:17Z,,,,master,patch-1,,,,,,,,,False,,21289110,"234166, 25290, None, None","0, 30, 30","None, None, False"
2056125972,add jax,open,2024-09-05T17:06:38Z,,,,master,patch-1,,,,,,,,,False,,21289110,"234166, 25290, None, None","0, 30, 30","None, None, False"
2054545994,:triangular_flag_on_post: an extra accuracy README.md,open,2024-09-05T00:58:24Z,,,,master,patch-1,,,,,,,DMirchevDevet,,False,,21289110,"234166, 25290, None, None","0, 30, 30","None, None, False"
2053151607,Added PyPodcats Podcast,open,2024-09-04T10:58:02Z,,,,master,add-pypodcats-podcast,,,,,,,,,False,,21289110,"234166, 25290, None, None","0, 30, 30","None, None, False"
2047713455,Add polifactory to Testing:Object factory,open,2024-08-31T13:41:55Z,,,,master,add_polyfactory,,,,,,,,,False,,21289110,"234166, 25290, None, None","0, 30, 30","None, None, False"
2039580020,Add bkp - backup utility,open,2024-08-27T12:46:52Z,,,,master,master,,,,,,,,,False,,21289110,"234166, 25290, None, None","0, 30, 30","None, None, False"
2032492966,Add uv,open,2024-08-22T15:55:41Z,,,,master,master,,,,,,,,,False,,21289110,"234166, 25290, None, None","0, 30, 30","None, None, False"
2013890938,Added new Section WEB UI and NiceGUI,open,2024-08-11T17:04:19Z,,,,master,new-section-web-client-framework,,,,,,,,,False,,21289110,"234166, 25290, None, None","0, 30, 30","None, None, False"
2013791639,Add FastHTML,open,2024-08-11T11:55:41Z,,,,master,master,,,,,,,,,False,,21289110,"234166, 25290, None, None","0, 30, 30","None, None, False"
2011077400,Add smart-exceptions,open,2024-08-08T18:26:58Z,,,,master,master,,,,,,,,,False,,21289110,"234166, 25290, None, None","0, 30, 30","None, None, False"
1990731983,Add watchfiles,open,2024-07-28T03:32:57Z,,,,master,watchfiles,,,,,,,,,False,,21289110,"234166, 25290, None, None","0, 30, 30","None, None, False"
1988271665,Cr√©er Ilyass hamouda,open,2024-07-25T20:04:38Z,,,,master,patch-2,,,,,,,,,False,,21289110,"234166, 25290, None, None","0, 30, 30","None, None, False"
1984694708,Add Crawlee for Python,open,2024-07-24T06:45:38Z,,,,master,patch-1,,,,,,,,,False,,21289110,"234166, 25290, None, None","0, 30, 30","None, None, False"
1983552077,"Mention MariaDB, add link to Awesome MariaDB",open,2024-07-23T15:03:41Z,,,,master,mention-mariadb,,,,,,,,,False,,21289110,"234166, 25290, None, None","0, 30, 30","None, None, False"
1973144011,Add roadmap.sh/python,open,2024-07-17T08:23:03Z,,,,master,master,,,,,,,,,False,,21289110,"234166, 25290, None, None","1, 30, 30","None, None, False"
1958816242,add textual,open,2024-07-08T23:26:42Z,,,,master,master,,,,,,,,,False,,21289110,"234166, 25290, None, None","1, 30, 30","None, None, False"
1955235971,Add djoser,open,2024-07-05T13:54:34Z,,,,master,djoser,,,,,,,,,False,,21289110,"234166, 25290, None, None","1, 30, 30","None, None, False"
1934248385,Adding outfancy library.,open,2024-06-23T17:21:09Z,,,,master,patch-1,,,,,,,,,False,,21289110,"234166, 25290, None, None","1, 30, 30","None, None, False"
1933472787,Add rye,open,2024-06-22T09:04:50Z,,,,master,rye,,,,,,,,,False,,21289110,"234166, 25290, None, None","1, 30, 30","None, None, False"
1931288120,adding kmatch library,open,2024-06-20T20:12:40Z,,,,master,master,,,,,,,,,False,,21289110,"234166, 25290, None, None","1, 30, 30","None, None, False"
1917609023,Add Roundup Issue Tracker to misc section,open,2024-06-13T00:48:12Z,,,,master,patch-1,,,,,,,,,False,,21289110,"234166, 25290, None, None","3, 30, 30","None, None, False"
1912979856,Add pycryptodome,open,2024-06-10T20:14:15Z,,,,master,patch-1,,,,,,,,,False,,21289110,"234166, 25290, None, None","3, 30, 30","None, None, False"
1912090829,Add segment-anything,open,2024-06-10T12:17:16Z,,,,master,master,,,,,,,,,False,,21289110,"234166, 25290, None, None","3, 30, 30","None, None, False"
1908056928,Add Piccolo to ORM list,open,2024-06-06T20:54:36Z,,,,master,patch-1,,,,,,,,,False,,21289110,"234166, 25290, None, None","3, 30, 30","None, None, False"
1901224424,Add script to sort links in README.md by,open,2024-06-03T16:13:19Z,,,,master,master,,,,,,,,,False,,21289110,"234166, 25290, None, None","3, 30, 30","None, None, False"
1874492000,Add auto-py-to-exe,open,2024-05-16T23:32:44Z,,,,master,master,,,,,,,,,False,,21289110,"234166, 25290, None, None","3, 30, 30","None, None, False"
1872102838,Add Prompt-Engineering-for-Vision-Models,open,2024-05-15T21:47:18Z,,,,master,Add-Prompt-Engineering-for-Vision-Models,,,,,,,,,False,,21289110,"234166, 25290, None, None","3, 30, 30","None, None, False"
1869804254,[ADD]¬†Ampalibe Framework,open,2024-05-14T20:15:31Z,,,,master,ampalibe,,,,,,,,,False,,21289110,"234166, 25290, None, None","3, 30, 30","None, None, False"
1854447356,Add ArchiveBox to `Web Content Extracting` section,open,2024-05-04T08:00:09Z,,,,master,patch-1,,,,,,,,,False,,21289110,"234166, 25290, None, None","3, 30, 30","None, None, False"
1827021753,Add dynaconf,open,2024-04-17T09:35:59Z,,,,master,patch-2,,,,,,,,,False,,21289110,"234166, 25290, None, None","3, 30, 30","None, None, False"
1826622690,Add Nuitka,open,2024-04-17T05:10:35Z,,,,master,patch-1,,,,,,,,,False,,21289110,"234166, 25290, None, None","3, 30, 30","None, None, False"
1814758283,Add pymotw.com,open,2024-04-09T18:58:01Z,,,,master,patch-1,,,,,,,,,False,,21289110,"234166, 25290, None, None","5, 30, 30","None, None, False"
1813374015,adds lightgbm,open,2024-04-09T04:39:03Z,,,,master,lightgbm,,,,,,,,,False,,21289110,"234166, 25290, None, None","5, 30, 30","None, None, False"
1811244027,Add typer,open,2024-04-08T04:37:52Z,,,,master,master,,,,,,,,,False,,21289110,"234166, 25290, None, None","7, 30, 30","None, None, False"
1807243623,Add Benchmarking section,open,2024-04-04T14:52:09Z,,,,master,benchmarking,,,,,,,,,False,,21289110,"234166, 25290, None, None","7, 30, 30","None, None, False"
1776060033,bombastictranz/awesome-python,open,2024-03-17T13:51:27Z,,,,master,master,,,,,,,,,False,,21289110,"234166, 25290, None, None","7, 30, 30","None, None, False"
1762659015,aiosonic,open,2024-03-08T09:52:40Z,,,,master,master,,,,,,,,,False,,21289110,"234166, 25290, None, None","7, 30, 30","None, None, False"
1753446795,"(add): uv, piccolo, sanic, blacksheep",open,2024-03-03T15:10:55Z,,,,master,master,,,,,,,,,False,,21289110,"234166, 25290, None, None","7, 30, 30","None, None, False"
1739398234,Add pyrgo,open,2024-02-22T17:54:57Z,,,,master,master,,,,,,,,,False,,21289110,"234166, 25290, None, None","7, 30, 30","None, None, False"
1738166145,Add a lib: convert html to pdf,open,2024-02-22T05:33:06Z,,,,master,master,,,,,,,,,False,,21289110,"234166, 25290, None, None","28, 30, 30","None, None, False"
1733037229,Add Panel to the GUI Development section,open,2024-02-19T14:43:55Z,,,,master,add-panel,,,,,,,,,False,,21289110,"234166, 25290, None, None","28, 30, 30","None, None, False"
1711546273,added MindsDB to the list,open,2024-02-05T12:23:06Z,,,,master,my-new,,,,,,,,,False,,21289110,"234166, 25290, None, None","28, 30, 30","None, None, False"
1711408266,add falco-cli in CLI-based tools for productivity,open,2024-02-05T11:09:27Z,,,,master,master,,,,,,,,,False,,21289110,"234166, 25290, None, None","28, 30, 30","None, None, False"
1703996100,Add IPinfo,open,2024-01-31T12:40:34Z,,,,master,master,,,,,,,,,False,,21289110,"234166, 25290, None, None","28, 30, 30","None, None, False"
1703405391,Add IP2Location.io,open,2024-01-31T06:02:41Z,,,,master,master,,,,,,,,,False,,21289110,"234166, 25290, None, None","28, 30, 30","None, None, False"
1702380149,Add Pymox,open,2024-01-30T15:50:06Z,,,,master,patch-1,,,,,,,,,False,,21289110,"234166, 25290, None, None","28, 30, 30","None, None, False"
1694632388,Add: Truss for model serving,open,2024-01-24T23:36:16Z,,,,master,master,,,,,,,,,False,,21289110,"234166, 25290, None, None","28, 30, 30","None, None, False"
1688296803,Add Qrlew,open,2024-01-20T16:32:51Z,,,,master,patch-1,,,,,,,,,False,,21289110,"234166, 25290, None, None","28, 30, 30","None, None, False"
1684672359,add instld,open,2024-01-18T11:28:52Z,,,,master,master,,,,,,,,,False,,21289110,"234166, 25290, None, None","28, 30, 30","None, None, False"
1683715763,Add Streamlit,open,2024-01-17T21:33:03Z,,,,master,master,,,,,,,,,False,,21289110,"234166, 25290, None, None","28, 30, 30","None, None, False"
1678376607,Fix small typo in README,open,2024-01-15T00:35:27Z,,,,master,fix-readme-typo,,,,,,,,,False,,21289110,"234166, 25290, None, None","28, 30, 30","None, None, False"
1677816021,add TomasKoutek/logstash-pipeline-parser,open,2024-01-13T16:07:03Z,,,,master,patch-1,,,,,,,,,False,,21289110,"234166, 25290, None, None","28, 30, 30","None, None, False"
1665344131,Add Fusion Engine,open,2024-01-04T21:53:45Z,,,,master,master,,,,,,,,,False,,21289110,"234166, 25290, None, None","29, 30, 30","None, None, False"
1656086072,Add Brython (Web front end),open,2023-12-24T10:58:18Z,,,,master,master,,,,,,,,,False,,21289110,"234166, 25290, None, None","29, 30, 30","None, None, False"
1654702264,Added Sneat Free Bootstrap Django Admin Template,open,2023-12-22T07:01:05Z,,,,master,master,,,,,,,,,False,,21289110,"234166, 25290, None, None","29, 30, 30","None, None, False"
1646725752,Add Robyn web framework,open,2023-12-16T00:00:23Z,,,,master,patch-1,,,,,,,,,False,,21289110,"234166, 25290, None, None","29, 30, 30","None, None, False"
1634657402,add hyperparameter,open,2023-12-07T15:04:11Z,,,,master,add_hyperparameter,,,,,,,,,False,,21289110,"234166, 25290, None, None","29, 30, 30","None, None, False"
1624450550,Add scikit-image,open,2023-11-30T20:50:32Z,,,,master,master,,,,,,,,,False,,21289110,"234166, 25290, None, None","29, 30, 30","None, None, False"
1622153284,add ruff,open,2023-11-29T16:09:50Z,,,,master,patch-1,,,,,,,,,False,,21289110,"234166, 25290, None, None","29, 30, 30","None, None, False"
1607376620,Customtkinter lib gui add,open,2023-11-18T03:13:13Z,,,,master,master,,,,,,,,,False,,21289110,"234166, 25290, None, None","29, 30, 30","None, None, False"
1591564129,Add pyTermTk,open,2023-11-07T23:39:38Z,,,,master,master,,,,,,,,,False,,21289110,"234166, 25290, None, None","30, 30, 30","None, None, False"
1584776201,Added PandasTable - A library provides a table widget for Tkinter wit‚Ä¶,open,2023-11-02T17:32:17Z,,,,master,pandastable,,,,,,,,,False,,21289110,"234166, 25290, None, None","30, 30, 30","None, None, False"
1548145314,Update README.md,open,2023-10-09T15:59:06Z,,,,master,master,,,,,,,,,False,,21289110,"234166, 25290, None, None","30, 30, 30","None, None, False"
1541476952,Replace gym with Gymnasium,open,2023-10-04T09:43:24Z,,,,master,patch-1,,,,,,,,,False,,21289110,"234166, 25290, None, None","30, 30, 30","None, None, False"
1540696844,Add Slideflow,open,2023-10-03T20:51:21Z,,,,master,master,,,,,,,,,False,,21289110,"234166, 25290, None, None","30, 30, 30","None, None, False"
1536681026,Add Scikit-Learn,open,2023-09-30T18:48:18Z,,,,master,master,,,,,,,,,False,,21289110,"234166, 25290, None, None","30, 30, 30","None, None, False"
1526331802,Add FastStream,open,2023-09-22T10:15:57Z,,,,master,master,,,,,,,,,False,,21289110,"234166, 25290, None, None","30, 30, 30","None, None, False"
1514715722,"Add pypify.py - ""pip install"" one-liners",open,2023-09-14T00:45:33Z,,,,master,pip-oneliners,,,,,,,,,False,,21289110,"234166, 25290, None, None","30, 30, 30","None, None, False"
1513531089,add sharded-queue library,open,2023-09-13T09:26:59Z,,,,master,patch-1,,,,,,,,,False,,21289110,"234166, 25290, None, None","30, 30, 30","None, None, False"
1510952666,Add comet-llm,open,2023-09-11T20:17:37Z,,,,master,add-comet-llm,,,,,,,,,False,,21289110,"234166, 25290, None, None","30, 30, 30","None, None, False"
1498920532,Add mamba cross platform package manager,open,2023-09-01T14:01:44Z,,,,master,master,,,,,,,,,False,,21289110,"234166, 25290, None, None","30, 30, 30","None, None, False"
1493732709,Add Taipy library,open,2023-08-29T13:00:28Z,,,,master,add-Taipy,,,,,,,,,False,,21289110,"234166, 25290, None, None","30, 30, 30","None, None, False"
1485762819,Add new section Javascript,open,2023-08-23T05:16:48Z,,,,master,section-javascript,,,,,,,,,False,,21289110,"234166, 25290, None, None","30, 30, 30","None, None, False"
1484797813,Add questionary,open,2023-08-22T13:44:27Z,,,,master,master,,,,,,,,,False,,21289110,"234166, 25290, None, None","30, 30, 30","None, None, False"
1481940933,add polars to Data Analysis and Plotly to  Data Visualization,open,2023-08-20T23:48:05Z,,,,master,master,,,,,,,,,False,,21289110,"234166, 25290, None, None","30, 30, 30","None, None, False"
1466633230,Add resume matcher,open,2023-08-08T10:20:13Z,,,,master,add-resume-matcher,,,,,,,,,False,,21289110,"234166, 25290, None, None","30, 30, 30","None, None, False"
1463853138,Remove zipline,open,2023-08-05T15:21:09Z,,,,master,patch-1,,,,,,,,,False,,21289110,"234166, 25290, None, None","30, 30, 30","None, None, False"
1457718882,Add hazm,open,2023-08-01T09:25:50Z,,,,master,patch-1,,,,,,,,,False,,21289110,"234166, 25290, None, None","30, 30, 30","None, None, False"
1440717292,Add vedro,open,2023-07-19T09:54:14Z,,,,master,patch-1,,,,,,,,,False,,21289110,"234166, 25290, None, None","30, 30, 30","None, None, False"
1430432126,Update CONTRIBUTING.md,open,2023-07-12T01:57:49Z,,,,master,patch-1,,,,,,,,,True,,21289110,"234166, 25290, None, None","30, 30, 30","None, None, False"
1426981173,Add Textual,open,2023-07-10T07:33:34Z,,,,master,master,,,,,,,,,False,,21289110,"234166, 25290, None, None","30, 30, 30","None, None, False"
1426295015,add botasaurus,open,2023-07-09T12:43:40Z,,,,master,master,,,,,,,,,False,,21289110,"234166, 25290, None, None","30, 30, 30","None, None, False"
1426190835,dart,open,2023-07-09T06:02:07Z,,,,master,dart,,,,,,,,,False,,21289110,"234166, 25290, None, None","30, 30, 30","None, None, False"
1425889321,Update README.md,open,2023-07-08T10:09:59Z,,,,master,patch-1,,,,,,,,,False,,21289110,"234166, 25290, None, None","30, 30, 30","None, None, False"
1422154709,Added xorbits,open,2023-07-06T03:19:06Z,,,,master,master,,,,,,,,,False,,21289110,"234166, 25290, None, None","30, 30, 30","None, None, False"
1419764280,add joliGEN,open,2023-07-04T14:30:26Z,,,,master,patch-1,,,,,,,,,False,,21289110,"234166, 25290, None, None","30, 30, 30","None, None, False"
1416714932,Add DemoGPT,open,2023-07-02T12:21:47Z,,,,master,patch-1,,,,,,,,,False,,21289110,"234166, 25290, None, None","30, 30, 30","None, None, False"
1403189258,Update README.md,open,2023-06-22T09:35:51Z,,,,master,patch-1,,,,,,,,,False,,21289110,"234166, 25290, None, None","30, 30, 30","None, None, False"
1396723669,Add pyi18n by sectasy0,open,2023-06-17T10:18:39Z,,,,master,add-pyi18n,,,,,,,,,False,,21289110,"234166, 25290, None, None","30, 30, 30","None, None, False"
1385316257,Add M2Crypto,open,2023-06-09T01:09:58Z,,,,master,patch-2,,,,,,,,,False,,21289110,"234166, 25290, None, None","30, 30, 30","None, None, False"
1376734193,Update README.md  and I have added details for oracle database drivers,open,2023-06-03T07:48:27Z,,,,master,patch-1,,,,,,,,,False,,21289110,"234166, 25290, None, None","30, 30, 30","None, None, False"
1376457859,Add pytest-watcher,open,2023-06-02T23:56:05Z,,,,master,master,,,,,,,,,False,,21289110,"234166, 25290, None, None","30, 30, 30","None, None, False"
1359038388,Add code-snapshot,open,2023-05-22T11:07:03Z,,,,master,add-code-snapshot,,,,,,,,,False,,21289110,"234166, 25290, None, None","30, 30, 30","None, None, False"
1351196759,Add PyAssimilator,open,2023-05-15T17:48:47Z,,,,master,patch-1,,,,,,,,,False,,21289110,"234166, 25290, None, None","30, 30, 30","None, None, False"
1350589388,Added one Useful Link,open,2023-05-15T11:07:19Z,,,,master,patch-1,,,,,,,,,False,,21289110,"234166, 25290, None, None","30, 30, 30","None, None, False"
1349737486,Add Alembic,open,2023-05-14T08:44:26Z,,,,master,add_alembic,,,,,,,,,False,,21289110,"234166, 25290, None, None","30, 30, 30","None, None, False"
1345585811,Add Thumbnails,open,2023-05-10T14:45:50Z,,,,master,thumbnails,,,,,,,,,False,,21289110,"234166, 25290, None, None","30, 30, 30","None, None, False"
1342626475,Added deptry,open,2023-05-08T18:55:00Z,,,,master,master,,,,,,,,,False,,21289110,"234166, 25290, None, None","30, 30, 30","None, None, False"
1327973873,feat: add memray to awesome-python,open,2023-04-26T01:47:46Z,,,,master,master,,,,,,,,,False,,21289110,"234166, 25290, None, None","30, 30, 30","None, None, False"
1324356212,Add Media Pipe,open,2023-04-23T11:59:27Z,,,,master,mediapipe,,,,,,,,,False,,21289110,"234166, 25290, None, None","30, 30, 30","None, None, False"
1324242705,Add DI-engine to the Deep Learning Section,open,2023-04-23T04:49:20Z,,,,master,master,,,,,,,,,False,,21289110,"234166, 25290, None, None","30, 30, 30","None, None, False"
1319735024,Faith added stripe api,open,2023-04-19T11:30:28Z,,,,master,master,,,,,,,,,False,,21289110,"234166, 25290, None, None","30, 30, 30","None, None, False"
1311744444,Added PyGWalker,open,2023-04-13T01:50:06Z,,,,master,patch-1,,,,,,,,,False,,21289110,"234166, 25290, None, None","30, 30, 30","None, None, False"
1310212915,Update README.md,open,2023-04-12T05:23:54Z,,,,master,patch-1,,,,,,,,,False,,21289110,"234166, 25290, None, None","30, 30, 30","None, None, False"
1309858391,Add PyBroker,open,2023-04-12T00:19:32Z,,,,master,master,,,,,,,,,False,,21289110,"234166, 25290, None, None","30, 30, 30","None, None, False"
1306766876,Fix pypdf description,open,2023-04-09T14:42:19Z,,,,master,update-pypdf,,,,,,,,,False,,21289110,"234166, 25290, None, None","30, 30, 30","None, None, False"
1303511714,Add pants,open,2023-04-05T16:53:02Z,,,,master,add-pants,,,,,,,,,False,,21289110,"234166, 25290, None, None","30, 30, 30","None, None, False"
1300469965,Add Haystack to README.md,open,2023-04-03T18:03:14Z,,,,master,patch-1,,,,,,,,,False,,21289110,"234166, 25290, None, None","30, 30, 30","None, None, False"
1299213236,Add smtplib,open,2023-04-02T20:56:15Z,,,,master,add-smtplib,,,,,,,,,False,,21289110,"234166, 25290, None, None","30, 30, 30","None, None, False"
1297864640,Python Weekly,open,2023-03-31T14:39:57Z,,,,master,patch-1,,,,,,,,,False,,21289110,"234166, 25290, None, None","30, 30, 30","None, None, False"
1290562045,Add taskiq,open,2023-03-27T00:47:23Z,,,,master,taskiq,,,,,,,,,False,,21289110,"234166, 25290, None, None","30, 30, 30","None, None, False"
1290318782,added more,open,2023-03-26T11:47:01Z,,,,master,patch-1,,,,,,,,,False,,21289110,"234166, 25290, None, None","30, 30, 30","None, None, False"
1286207675,adding a few RAPIDS libraries,open,2023-03-22T17:00:15Z,,,,master,patch-1,,,,,,,,,False,,21289110,"234166, 25290, None, None","30, 30, 30","None, None, False"
1285159404,Added SecDim Play Python to Websites,open,2023-03-22T02:52:55Z,,,,master,master,,,,,,,,,False,,21289110,"234166, 25290, None, None","30, 30, 30","None, None, False"
1281613639,Update README.md,open,2023-03-19T13:14:10Z,,,,master,master,,,,,,,,,False,,21289110,"234166, 25290, None, None","30, 30, 30","None, None, False"
1265694652,Add aioauth,open,2023-03-07T06:14:11Z,,,,master,master,,,,,,,,,False,,21289110,"234166, 25290, None, None","30, 30, 30","None, None, False"
1263480028,Add file validator,open,2023-03-05T17:20:12Z,,,,master,master,,,,,,,,,False,,21289110,"234166, 25290, None, None","30, 30, 30","None, None, False"
1260366318,Add python-fsutil,open,2023-03-02T12:16:59Z,,,,master,Add-python-fsutil,,,,,,,,,False,,21289110,"234166, 25290, None, None","30, 30, 30","None, None, False"
1260347496,Add python-benedict,open,2023-03-02T12:06:57Z,,,,master,Add-python-benedict,,,,,,,,,False,,21289110,"234166, 25290, None, None","30, 30, 30","None, None, False"
1251136912,Add Semgrep,open,2023-02-23T05:14:37Z,,,,master,Add-Semgrep,,,,,,,,,False,,21289110,"234166, 25290, None, None","30, 30, 30","None, None, False"
1249372922,Add Polygon,open,2023-02-21T23:29:26Z,,,,master,patch-1,,,,,,,,,False,,21289110,"234166, 25290, None, None","30, 30, 30","None, None, False"
1246705183,Add Quix Streams (stream processing w Kafka),open,2023-02-20T05:33:08Z,,,,master,master,,,,,,,,,False,,21289110,"234166, 25290, None, None","30, 30, 30","None, None, False"
1244583688,Add pyodbc,open,2023-02-17T03:06:59Z,,,,master,feat/add-pyodbc,,,,,,,,,False,,21289110,"234166, 25290, None, None","30, 30, 30","None, None, False"
1229413849,Yashdev9274 patch 1,open,2023-02-05T11:20:14Z,,,,master,yashdev9274-patch-1,,,,,,,,,False,,21289110,"234166, 25290, None, None","30, 30, 30","None, None, False"
1227280301,Add mashumaro to Serialization,open,2023-02-02T21:50:08Z,,,,master,master,,,,,,,,,False,,21289110,"234166, 25290, None, None","30, 30, 30","None, None, False"
1219667439,Add okcli - Oracle CLI,open,2023-01-27T17:45:56Z,,,,master,master,,,,,,,,,False,,21289110,"234166, 25290, None, None","30, 30, 30","None, None, False"
1213919067,Add Pynecone,open,2023-01-23T19:25:52Z,,,,master,master,,,,,,,,,False,,21289110,"234166, 25290, None, None","30, 30, 30","None, None, False"
1212724662,pyscript added to web frameworks,open,2023-01-22T20:30:50Z,,,,master,adding-pyscript,,,,,,,,,False,,21289110,"234166, 25290, None, None","30, 30, 30","None, None, False"
1212075950,Add Bytewax,open,2023-01-20T21:14:34Z,,,,master,patch-1,,,,,,,,,False,,21289110,"234166, 25290, None, None","30, 30, 30","None, None, False"
1209319610,Add Flet,open,2023-01-19T00:41:30Z,,,,master,master,,,,,,,,,False,,21289110,"234166, 25290, None, None","30, 30, 30","None, None, False"
1198387407,Add Ozon3,open,2023-01-16T03:49:40Z,,,,master,master,,,,,,,,,False,,21289110,"234166, 25290, None, None","30, 30, 30","None, None, False"
1198113968,Add MNE Package link.,open,2023-01-15T17:18:54Z,,,,master,patch-1,,,,,,,,,False,,21289110,"234166, 25290, None, None","30, 30, 30","None, None, False"
1197573438,adding klotho to devops section,open,2023-01-14T14:19:21Z,,,,master,master,,,,,,,,,False,,21289110,"234166, 25290, None, None","30, 30, 30","None, None, False"
1197008223,Add  PikaPython,open,2023-01-13T16:52:56Z,,,,master,master,,,,,,,,,False,,21289110,"234166, 25290, None, None","30, 30, 30","None, None, False"
1192766528,Add csv and tomllib libraries,open,2023-01-10T18:36:26Z,,,,master,master,,,,,,,,,False,,21289110,"234166, 25290, None, None","30, 30, 30","None, None, False"
1189506983,Add dagster,open,2023-01-07T20:12:10Z,,,,master,master,,,,,,,,,False,,21289110,"234166, 25290, None, None","30, 30, 30","None, None, False"
1181398247,Added Polars in Libraries for data analyzing,open,2022-12-31T07:11:10Z,,,,master,master,,,,,,,,,False,,21289110,"234166, 25290, None, None","30, 30, 30","None, None, False"
1181093205,add ruff ,open,2022-12-30T18:17:45Z,,,,master,master,,,,,,,,,False,,21289110,"234166, 25290, None, None","30, 30, 30","None, None, False"
1168090733,add Pandas-Profiling,open,2022-12-16T09:42:49Z,,,,master,master,,,,,,,,,False,,21289110,"234166, 25290, None, None","30, 30, 30","None, None, False"
1168012092,add cambd,open,2022-12-16T08:32:44Z,,,,master,master,,,,,,,,,False,,21289110,"234166, 25290, None, None","30, 30, 30","None, None, False"
1157638063,Add Pyxel,open,2022-12-10T12:46:59Z,,,,master,patch-1,,,,,,,,,False,,21289110,"234166, 25290, None, None","30, 30, 30","None, None, False"
1152202320,Add Whisper,open,2022-12-07T18:49:45Z,,,,master,master,,,,,,,,,False,,21289110,"234166, 25290, None, None","30, 30, 30","None, None, False"
1151651723,Add typer to Command-line Interface Development,open,2022-12-07T14:06:57Z,,,,master,add-typer,,,,,,,,,False,,21289110,"234166, 25290, None, None","30, 30, 30","None, None, False"
1151624384,Add sqlmodel to ORMs,open,2022-12-07T13:51:55Z,,,,master,add-sqlmodel,,,,,,,,,False,,21289110,"234166, 25290, None, None","30, 30, 30","None, None, False"
1151612356,Add tackle in productivity tools,open,2022-12-07T13:46:05Z,,,,master,add-tackle,,,,,,,,,False,,21289110,"234166, 25290, None, None","30, 30, 30","None, None, False"
1149055764,Add padelboard,open,2022-12-06T14:28:04Z,,,,master,padelboard,,,,,,,,,False,,21289110,"234166, 25290, None, None","30, 30, 30","None, None, False"
1146730755,Add algviz,open,2022-12-05T14:28:11Z,,,,master,master,,,,,,,,,False,,21289110,"234166, 25290, None, None","30, 30, 30","None, None, False"
1144940109,add Jina,open,2022-12-04T12:00:42Z,,,,master,add-Jina,,,,,,,,,False,,21289110,"234166, 25290, None, None","30, 30, 30","None, None, False"
1142358104,add Svix,open,2022-12-01T19:58:32Z,,,,master,master,,,,,,,,,False,,21289110,"234166, 25290, None, None","30, 30, 30","None, None, False"
1137172407,Add click-extra.,open,2022-11-28T08:26:13Z,,,,master,add-click-extra,,,,,,,,,False,,21289110,"234166, 25290, None, None","30, 30, 30","None, None, False"
1132878377,Update CNAME,open,2022-11-23T05:45:13Z,,,,master,master,,,,,,,,,False,,21289110,"234166, 25290, None, None","30, 30, 30","None, None, False"
1131387057,Explore Python added under Website > Others,open,2022-11-22T08:55:14Z,,,,master,master,,,,,,,,,False,,21289110,"234166, 25290, None, None","30, 30, 30","None, None, False"
1122441706,üìù Add pydantic to data-validation section,open,2022-11-15T07:07:28Z,,,,master,patch-1,,,,,,,,,False,,21289110,"234166, 25290, None, None","30, 30, 30","None, None, False"
1116527839,Add Learn Python 3 Open Source Book,open,2022-11-09T18:47:38Z,,,,master,patch-1,,,,,,,,,False,,21289110,"234166, 25290, None, None","30, 30, 30","None, None, False"
1106853952,"Update faust to the newer fork, faust-streaming",open,2022-11-01T14:49:53Z,,,,master,patch-1,,,,,,,,,False,,21289110,"234166, 25290, None, None","30, 30, 30","None, None, False"
1104813765,add Audiobook,open,2022-10-31T04:27:23Z,,,,master,master,,,,,,,,,False,,21289110,"234166, 25290, None, None","30, 30, 30","None, None, False"
1104629217,Add plotly,open,2022-10-30T21:08:12Z,,,,master,master,,,,,,,,,False,,21289110,"234166, 25290, None, None","30, 30, 30","None, None, False"
1085921823,Free to read books,open,2022-10-13T11:11:44Z,,,,master,AmongTribesmen-books,,,,,,,,,False,,21289110,"234166, 25290, None, None","30, 30, 30","None, None, False"
1070506927,Remove apistar,open,2022-09-28T20:22:45Z,,,,master,rm_apistar,,,,,,,,,False,,21289110,"234166, 25290, None, None","30, 30, 30","None, None, False"
1067269595,Add mamba package manager,open,2022-09-26T14:50:55Z,,,,master,patch-2,,,,,,,,,False,,21289110,"234166, 25290, None, None","30, 30, 30","None, None, False"
1056194908,Add Reloadium,open,2022-09-14T15:04:09Z,,,,master,master,,,,,,,,,False,,21289110,"234166, 25290, None, None","30, 30, 30","None, None, False"
1055773645,Add hyperparameter,open,2022-09-14T09:44:18Z,,,,master,patch-1,,,,,,,,,False,,21289110,"234166, 25290, None, None","30, 30, 30","None, None, False"
1051028933,docs: add PyFreeDB,open,2022-09-09T02:27:09Z,,,,master,master,,,,,,,,,False,,21289110,"234166, 25290, None, None","30, 30, 30","None, None, False"
1050078142,add sqlmodel to ORM section,open,2022-09-08T11:46:06Z,,,,master,sqlmodel,,,,,,,,,False,,21289110,"234166, 25290, None, None","30, 30, 30","None, None, False"
1047507045,Add Mayim to ORM section,open,2022-09-06T12:34:44Z,,,,master,patch-2,,,,,,,,,False,,21289110,"234166, 25290, None, None","30, 30, 30","None, None, False"
1036598937,Update AWS Data Wrangler to AWS SDK for pandas,open,2022-08-25T11:00:53Z,,,,master,jaidisido-patch-aws-sdk-pandas,,,,,,,,,False,,21289110,"234166, 25290, None, None","30, 30, 30","None, None, False"
1032470584,Add HerePy.,open,2022-08-22T08:12:22Z,,,,master,master,,,,,,,,,False,,21289110,"234166, 25290, None, None","30, 30, 30","None, None, False"
1031945605,Typo: missing close of `,open,2022-08-21T02:14:08Z,,,,master,patch-2,,,,,,,,,False,,21289110,"234166, 25290, None, None","30, 30, 30","None, None, False"
1031732487,Update README.md,open,2022-08-20T09:02:05Z,,,,master,master,,,,,,,,,False,,21289110,"234166, 25290, None, None","30, 30, 30","None, None, False"
1031690944,Add pytube in the download category,open,2022-08-20T03:54:35Z,,,,master,master,,,,,,,,,False,,21289110,"234166, 25290, None, None","30, 30, 30","None, None, False"
1029233349,pynacl README says that it wraps libsodium,open,2022-08-17T19:40:28Z,,,,master,patch-1,,,,,,,,,False,,21289110,"234166, 25290, None, None","30, 30, 30","None, None, False"
1028791227,Update README.md,open,2022-08-17T12:44:02Z,,,,master,patch-1,,,,,,,,,False,,21289110,"234166, 25290, None, None","30, 30, 30","None, None, False"
1019250703,Added pyttsx3 to audio section,open,2022-08-06T04:22:12Z,,,,master,master,,,,,,,,,False,,21289110,"234166, 25290, None, None","30, 30, 30","None, None, False"
1016141792,Add torchvision,open,2022-08-03T10:47:20Z,,,,master,patch-1,,,,,,,,,False,,21289110,"234166, 25290, None, None","30, 30, 30","None, None, False"
1013594054,[feature] add polars,open,2022-08-01T09:28:11Z,,,,master,master,,,,,,,,,False,,21289110,"234166, 25290, None, None","30, 30, 30","None, None, False"
1006365159,Added frida-tools in debugger section,open,2022-07-23T14:40:07Z,,,,master,master,,,,,,,,,False,,21289110,"234166, 25290, None, None","30, 30, 30","None, None, False"
1001218287,Add downloader yt-dlp,open,2022-07-19T20:31:53Z,,,,master,patch-1,,,,,,,,,False,,21289110,"234166, 25290, None, None","30, 30, 30","None, None, False"
997024431,Add moderngl,open,2022-07-14T19:04:42Z,,,,master,patch-1,,,,,,,,,False,,21289110,"234166, 25290, None, None","30, 30, 30","None, None, False"
992139499,Add pybind11,open,2022-07-09T03:40:25Z,,,,master,Add-pybind11,,,,,,,,,False,,21289110,"234166, 25290, None, None","30, 30, 30","None, None, False"
985850678,üì¶ NEW: pycord,open,2022-07-04T00:27:28Z,,,,master,master,,,,,,,,,False,,21289110,"234166, 25290, None, None","30, 30, 30","None, None, False"
985832520,Add Textual,open,2022-07-03T23:02:42Z,,,,master,master,,,,,,,,,False,,21289110,"234166, 25290, None, None","30, 30, 30","None, None, False"
984110588,code-of-conduct.md,open,2022-06-30T17:25:01Z,,,,master,patch-1,,,,,,,,,False,,21289110,"234166, 25290, None, None","30, 30, 30","None, None, False"
983042780,Create apisec-scan.yml,open,2022-06-29T19:47:09Z,,,,master,MyeaMKelly-patch-3,,,,,,,,,False,,21289110,"234166, 25290, None, None","30, 30, 30","None, None, False"
983038995,Create codacy.yml,open,2022-06-29T19:44:06Z,,,,master,OwireduDJustice-patch-1,,,,,,,,,False,,21289110,"234166, 25290, None, None","30, 30, 30","None, None, False"
983008830,Create codeql-analysis.yml,open,2022-06-29T19:15:04Z,,,,master,MyeaMKelly-patch-2,,,,,,,,,False,,21289110,"234166, 25290, None, None","30, 30, 30","None, None, False"
983008454,Create apisec-scan.yml,open,2022-06-29T19:14:34Z,,,,master,MyeaMKelly-patch-1,,,,,,,,,False,,21289110,"234166, 25290, None, None","30, 30, 30","None, None, False"
982191497,Add Yellowbrick,open,2022-06-29T07:01:44Z,,,,master,patch-1,,,,,,,,,False,,21289110,"234166, 25290, None, None","30, 30, 30","None, None, False"
981168558,Add the project 'arctic' to README.md,open,2022-06-28T09:39:23Z,,,,master,patch-1,,,,,,,,,False,,21289110,"234166, 25290, None, None","30, 30, 30","None, None, False"
980467414,Add link to graph-tool,open,2022-06-27T19:51:18Z,,,,master,patch-1,,,,,,,,,False,,21289110,"234166, 25290, None, None","30, 30, 30","None, None, False"
978333749,Add LineaPy to the list of refactoring tools,open,2022-06-24T13:24:45Z,,,,master,lineapy,,,,,,,,,False,,21289110,"234166, 25290, None, None","30, 30, 30","None, None, False"
972414610,Add Covalent,open,2022-06-20T16:08:10Z,,,,master,master,,,,,,,,,False,,21289110,"234166, 25290, None, None","30, 30, 30","None, None, False"
971518485,Add nextcord and discord bots section,open,2022-06-19T16:11:51Z,,,,master,master,,,,,,,,,False,,21289110,"234166, 25290, None, None","30, 30, 30","None, None, False"
939570800,Added Ursina Engine,open,2022-05-18T06:47:26Z,,,,master,ursina,,,,,,,,,False,,21289110,"234166, 25290, None, None","30, 30, 30","None, None, False"
933153407,Add Argonaut,open,2022-05-11T04:55:20Z,,,,master,master,,,,,,,,,False,,21289110,"234166, 25290, None, None","30, 30, 30","None, None, False"
930493870,Update,open,2022-05-08T14:54:24Z,,,,master,patch-1,,,,,,,,,False,,21289110,"234166, 25290, None, None","30, 30, 30","None, None, False"
930334817,Add opsdroid to ChatOPs tools,open,2022-05-07T18:56:13Z,,,,master,add-opsdroid,,,,,,,,,False,,21289110,"234166, 25290, None, None","30, 30, 30","None, None, False"
927218174,Pydot,open,2022-05-04T03:54:08Z,,,,master,pydot,,,,,,,,,False,,21289110,"234166, 25290, None, None","30, 30, 30","None, None, False"
927210778,Pycaret,open,2022-05-04T03:28:56Z,,,,master,pycaret,,,,,,,,,False,,21289110,"234166, 25290, None, None","30, 30, 30","None, None, False"
927202623,Added Skyfield,open,2022-05-04T03:05:54Z,,,,master,open-source-project,,,,,,,,,False,,21289110,"234167, 25290, None, None","30, 30, 30","None, None, False"
927197996,A good book for studying DSA's,open,2022-05-04T02:49:29Z,,,,master,DSA,,,,,,,,,False,,21289110,"234167, 25290, None, None","30, 30, 30","None, None, False"
927190038,Add DeepFakeLab,open,2022-05-04T02:23:09Z,,,,master,deepfacelab,,,,,,,,,False,,21289110,"234167, 25290, None, None","30, 30, 30","None, None, False"
924725147,Add Hatch,open,2022-04-30T20:50:26Z,,,,master,patch-1,,,,,,,,,False,,21289110,"234167, 25290, None, None","30, 30, 30","None, None, False"
917560402,add FastAPI and Flair,open,2022-04-25T00:09:42Z,,,,master,master,,,,,,,,,False,,21289110,"234167, 25290, None, None","30, 30, 30","None, None, False"
908625901,Add Squirrel,open,2022-04-13T08:11:31Z,,,,master,patch-1,,,,,,,,,False,,21289110,"234167, 25290, None, None","30, 30, 30","None, None, False"
907389475,Add Chaos Toolkit,open,2022-04-12T09:33:33Z,,,,master,add-chaostoolkit,,,,,,,,,False,,21289110,"234167, 25290, None, None","30, 30, 30","None, None, False"
905131328,Add context_menu,open,2022-04-10T06:22:41Z,,,,master,patch-1,,,,,,,,,False,,21289110,"234167, 25290, None, None","30, 30, 30","None, None, False"
893893317,Add django-rest-framework-simplejwt,open,2022-03-30T03:23:43Z,,,,master,djangor-rest-framework-simplejwt,,,,,,,,,False,,21289110,"234167, 25290, None, None","30, 30, 30","None, None, False"
883639543,Update README.md,open,2022-03-18T17:11:04Z,,,,master,patch-1,,,,,,,,,False,,21289110,"234167, 25290, None, None","30, 30, 30","None, None, False"
883419873,add Flower for federated learning,open,2022-03-18T13:01:28Z,,,,master,federated-learning,,,,,,,,,False,,21289110,"234167, 25290, None, None","30, 30, 30","None, None, False"
882553342,Add nameko,open,2022-03-17T15:34:21Z,,,,master,master,,,,,,,,,False,,21289110,"234167, 25290, None, None","30, 30, 30","None, None, False"
878704580,Update README.md,open,2022-03-14T07:06:45Z,,,,master,patch-1,,,,,,,,,False,,21289110,"234167, 25290, None, None","30, 30, 30","None, None, False"
877379476,Add pypi-command-line,open,2022-03-11T12:17:44Z,,,,master,add-pypi-command-line,,,,,,,,,False,,21289110,"234167, 25290, None, None","30, 30, 30","None, None, False"
876516080,Add Chaos Genius to Awesome Python,open,2022-03-10T15:06:41Z,,,,master,master,,,,,,,,,False,,21289110,"234167, 25290, None, None","30, 30, 30","None, None, False"
871726931,ERPNext updated,open,2022-03-04T14:39:15Z,,,,master,patch-1,,,,,,,,,False,,21289110,"234167, 25290, None, None","30, 30, 30","None, None, False"
861399231,Add cachetools,open,2022-02-23T13:12:54Z,,,,master,add-cachetools,,,,,,,,,False,,21289110,"234167, 25290, None, None","30, 30, 30","None, None, False"
859758090,Add Python Code Snippets for Beginners,open,2022-02-21T18:48:40Z,,,,master,master,,,,,,,,,False,,21289110,"234167, 25290, None, None","30, 30, 30","None, None, False"
852981079,Add databooks,open,2022-02-15T08:46:32Z,,,,master,master,,,,,,,,,False,,21289110,"234167, 25290, None, None","30, 30, 30","None, None, False"
839508931,Update README.md,open,2022-02-03T16:53:10Z,,,,master,master,,,,,,,,,False,,21289110,"234167, 25290, None, None","30, 30, 30","None, None, False"
833758889,Added Gradio,open,2022-01-27T18:14:43Z,,,,master,patch-1,,,,,,,,,False,,21289110,"234167, 25290, None, None","30, 30, 30","None, None, False"
829598694,Rename category and add several libraries,open,2022-01-22T20:18:40Z,,,,master,master,,,,,,,,,False,,21289110,"234167, 25290, None, None","30, 30, 30","None, None, False"
829505949,Add Raylib-Python-CFFI,open,2022-01-22T13:31:42Z,,,,master,slurpyb-patch-1,,,,,,,,,False,,21289110,"234168, 25290, None, None","30, 30, 30","None, None, False"
828566456,Replace Theano with Aesra,open,2022-01-21T14:14:23Z,,,,master,patch-1,,,,,,,,,False,,21289110,"234168, 25290, None, None","30, 30, 30","None, None, False"
822627820,Add P2PNetwork and multiformats,open,2022-01-14T12:46:29Z,,,,master,master,,,,,,,,,False,,21289110,"234168, 25290, None, None","30, 30, 30","None, None, False"
818467122,Update README.md,open,2022-01-11T09:10:34Z,,,,master,patch-1,,,,,,,,,False,,21289110,"234168, 25290, None, None","30, 30, 30","None, None, False"
816883520,Add Poe the Poet,open,2022-01-08T16:05:52Z,,,,master,patch-1,,,,,,,,,False,,21289110,"234168, 25290, None, None","30, 30, 30","None, None, False"
815681736,Streamlit and Pycaret added,open,2022-01-06T17:01:13Z,,,,master,master,,,,,,,,,False,,21289110,"234168, 25290, None, None","30, 30, 30","None, None, False"
812997116,Add Onacol,open,2022-01-03T09:07:47Z,,,,master,add-onacol,,,,,,,,,False,,21289110,"234168, 25290, None, None","30, 30, 30","None, None, False"
805970445,Added large-file-finder monitoring tool,open,2021-12-19T01:29:52Z,,,,master,master,,,,,,,,,False,,21289110,"234168, 25290, None, None","30, 30, 30","None, None, False"
802116025,Add Dataconf,open,2021-12-14T09:14:18Z,,,,master,master,,,,,,,,,False,,21289110,"234168, 25290, None, None","30, 30, 30","None, None, False"
801406552,my new file,open,2021-12-13T15:46:23Z,,,,master,subhankar_patch,,,,,,,,,False,,21289110,"234168, 25290, None, None","30, 30, 30","None, None, False"
797803258,Add Prisma Client Python,open,2021-12-08T12:51:04Z,,,,master,add-prisma,,,,,,,,,False,,21289110,"234168, 25290, None, None","30, 30, 30","None, None, False"
792597137,Added rexmex to recommender systems.,open,2021-12-01T11:20:42Z,,,,master,patch-1,,,,,,,,,False,,21289110,"234168, 25290, None, None","30, 30, 30","None, None, False"
784344557,Add discord.py,open,2021-11-19T04:09:52Z,,,,master,master,,,,,,,,,False,,21289110,"234168, 25290, None, None","30, 30, 30","None, None, False"
781466272,Add objectfactory,open,2021-11-16T09:10:27Z,,,,master,master,,,,,,,,,False,,21289110,"234168, 25290, None, None","30, 30, 30","None, None, False"
781149221,Add utm to Geolocation,open,2021-11-15T23:30:01Z,,,,master,master,,,,,,,,,False,,21289110,"234168, 25290, None, None","30, 30, 30","None, None, False"
780044267,add xltpl,open,2021-11-14T08:37:56Z,,,,master,master,,,,,,,,,False,,21289110,"234168, 25290, None, None","30, 30, 30","None, None, False"
779662069,Add BerylDB,open,2021-11-12T19:09:19Z,,,,master,master,,,,,,,,,False,,21289110,"234168, 25290, None, None","30, 30, 30","None, None, False"
777385195,add jsonclasses,open,2021-11-10T09:22:20Z,,,,master,master,,,,,,,,,False,,21289110,"234168, 25290, None, None","30, 30, 30","None, None, False"
771077091,Update README.md,open,2021-11-02T04:28:46Z,,,,master,master,,,,,,,,,False,,21289110,"234168, 25290, None, None","30, 30, 30","None, None, False"
769274769,optimized sort.py code,open,2021-10-29T14:07:50Z,,,,master,patch-1,,,,,,,,,False,,21289110,"234168, 25290, None, None","30, 30, 30","None, None, False"
765459688,Add Free PO editor,open,2021-10-25T13:14:48Z,,,,master,patch-1,,,,,,,,,False,,21289110,"234168, 25290, None, None","30, 30, 30","None, None, False"
764858023,UPDATE README,open,2021-10-24T11:55:05Z,,,,master,patch-1,,,,,,,,,False,,21289110,"234168, 25290, None, None","30, 30, 30","None, None, False"
762992249,Added online Python decompiler link,open,2021-10-21T07:42:26Z,,,,master,patch-1,,,,,,,,,False,,21289110,"234168, 25290, None, None","30, 30, 30","None, None, False"
762892394,Add Scikit-rf,open,2021-10-21T04:23:53Z,,,,master,master,,,,,,,,,False,,21289110,"234168, 25290, None, None","30, 30, 30","None, None, False"
761118641,Add PaddleOCR.,open,2021-10-19T06:54:39Z,,,,master,PaddleOCR,,,,,,,,,False,,21289110,"234168, 25290, None, None","30, 30, 30","None, None, False"
760327975,Add boilerplate section and flask-htmx boilerplate,open,2021-10-18T10:46:24Z,,,,master,add-flask-htmx,,,,,,,,,False,,21289110,"234168, 25290, None, None","30, 30, 30","None, None, False"
754659202,Add codext,open,2021-10-10T08:38:34Z,,,,master,master,,,,,,,,,False,,21289110,"234168, 25290, None, None","30, 30, 30","None, None, False"
751704707,docs: add `power-cache` to caching section,open,2021-10-06T13:52:54Z,,,,master,patch-1,,,,,,,,,False,,21289110,"234168, 25290, None, None","30, 30, 30","None, None, False"
748580822,Added sourcemaking to design patterns section,open,2021-10-04T05:20:17Z,,,,master,master,,,,,,,,,False,,21289110,"234168, 25290, None, None","30, 30, 30","None, None, False"
742776938,Update README.md,open,2021-09-26T00:12:43Z,,,,master,master,,,,,,,,,False,,21289110,"234168, 25290, None, None","30, 30, 30","None, None, False"
739607534,Add humanize,open,2021-09-21T21:18:22Z,,,,master,master,,,,,,,,,False,,21289110,"234168, 25290, None, None","30, 30, 30","None, None, False"
733464363,Add strawberry graphql,open,2021-09-14T08:58:48Z,,,,master,patch-1,,,,,,,,,False,,21289110,"234168, 25290, None, None","30, 30, 30","None, None, False"
726590182,add pyc2pa,open,2021-09-03T07:58:47Z,,,,master,master,,,,,,,,,False,,21289110,"234169, 25290, None, None","30, 30, 30","None, None, False"
723503013,Added Publishing Python Packages,open,2021-08-31T15:45:59Z,,,,master,master,,,,,,,,,False,,21289110,"234169, 25290, None, None","30, 30, 30","None, None, False"
703380746,Update README.md,open,2021-08-04T12:13:15Z,,,,master,master,,,,,,,,,False,,21289110,"234169, 25290, None, None","30, 30, 30","None, None, False"
692148902,Full Stack Python Security,open,2021-07-18T21:05:29Z,,,,master,master,,,,,,,,,False,,21289110,"234169, 25290, None, None","30, 30, 30","None, None, False"
691892127,incuded datepaser lib in 'date and time' section,open,2021-07-17T09:03:15Z,,,,master,master,,,,,,,,,False,,21289110,"234169, 25290, None, None","30, 30, 30","None, None, False"
690431620,"Added nbshare.io as a Python resource under ""Websites"" section",open,2021-07-15T06:22:06Z,,,,master,patch-1,,,,,,,,,False,,21289110,"234169, 25290, None, None","30, 30, 30","None, None, False"
689985643,Add vue.py,open,2021-07-14T14:54:26Z,,,,master,patch-1,,,,,,,,,False,,21289110,"234169, 25290, None, None","30, 30, 30","None, None, False"
688638779,Add cornell,open,2021-07-13T08:20:53Z,,,,master,patch-cornell,,,,,,,,,False,,21289110,"234169, 25290, None, None","30, 30, 30","None, None, False"
683768558,Update README.md,open,2021-07-05T14:55:18Z,,,,master,patch-1,,,,,,,,,False,,21289110,"234169, 25290, None, None","30, 30, 30","None, None, False"
683737825,Add scikit-learn-intelex,open,2021-07-05T14:11:26Z,,,,master,master,,,,,,,,,False,,21289110,"234169, 25290, None, None","30, 30, 30","None, None, False"
682393289,Add PyStateMachine,open,2021-07-02T07:11:43Z,,,,master,patch-1,,,,,,,,,False,,21289110,"234169, 25290, None, None","30, 30, 30","None, None, False"
672810170,Add sierra,open,2021-06-17T16:31:48Z,,,,master,patch-2,,,,,,,,,False,,21289110,"234169, 25290, None, None","30, 30, 30","None, None, False"
670681729,Add ScanAPI,open,2021-06-15T19:21:09Z,,,,master,scanapi,,,,,,,,,False,,21289110,"234169, 25290, None, None","30, 30, 30","None, None, False"
663998248,Add Feast,open,2021-06-07T23:39:00Z,,,,master,patch-1,,,,,,,,,False,,21289110,"234169, 25290, None, None","30, 30, 30","None, None, False"
663159594,Add Tkinter Designer to GUI Development Section.,open,2021-06-07T04:38:20Z,,,,master,master,,,,,,,,,False,,21289110,"234169, 25290, None, None","30, 30, 30","None, None, False"
662976762,Add MediaPipe,open,2021-06-06T15:10:08Z,,,,master,master,,,,,,,,,False,,21289110,"234169, 25290, None, None","30, 30, 30","None, None, False"
662934362,Update README.md,open,2021-06-06T12:05:10Z,,,,master,master,,,,,,,,,False,,21289110,"234169, 25290, None, None","30, 30, 30","None, None, False"
662050452,Added hub,open,2021-06-04T20:58:22Z,,,,master,addHub,,,,,,,,,False,,21289110,"234169, 25290, None, None","30, 30, 30","None, None, False"
662026036,Add activeloop,open,2021-06-04T20:13:17Z,,,,master,addActiveloop,,,,,,,,,False,,21289110,"234169, 25290, None, None","30, 30, 30","None, None, False"
657361116,Add JAX,open,2021-05-29T04:13:39Z,,,,master,patch-1,,,,,,,,,False,,21289110,"234169, 25290, None, None","30, 30, 30","None, None, False"
654643736,remove Python-for-Scientists,open,2021-05-27T08:08:48Z,,,,master,patch-1,,,,,,,,,False,,21289110,"234169, 25290, None, None","30, 30, 30","None, None, False"
650627258,Add typer,open,2021-05-22T13:21:09Z,,,,master,master,,,,,,,,,False,,21289110,"234169, 25290, None, None","30, 30, 30","None, None, False"
647868911,add gpx-converter,open,2021-05-19T16:59:30Z,,,,master,patch-3,,,,,,,,,False,,21289110,"234169, 25290, None, None","30, 30, 30","None, None, False"
647856580,add deep-translator,open,2021-05-19T16:43:56Z,,,,master,patch-2,,,,,,,,,False,,21289110,"234169, 25290, None, None","30, 30, 30","None, None, False"
647849328,add igel,open,2021-05-19T16:34:44Z,,,,master,patch-1,,,,,,,,,False,,21289110,"234169, 25290, None, None","30, 30, 30","None, None, False"
645326336,add pytorch lightning,open,2021-05-16T14:45:56Z,,,,master,add/pytorch-lightning,,,,,,,,,False,,21289110,"234169, 25290, None, None","30, 30, 30","None, None, False"
621202530,"Added ""Projects"" section and ""DevProjects"" under ##Websites",open,2021-04-22T15:25:53Z,,,,master,jenniferdev,,,,,,,,,False,,21289110,"234169, 25290, None, None","30, 30, 30","None, None, False"
619310604,Add Beanie,open,2021-04-20T13:07:43Z,,,,master,feature/add_beanie,,,,,,,,,False,,21289110,"234169, 25290, None, None","30, 30, 30","None, None, False"
613235992,Database Drivers UPD,open,2021-04-12T03:53:08Z,,,,master,patch-1,,,,,,,,,False,,21289110,"234169, 25290, None, None","30, 30, 30","None, None, False"
607622404,The pipenv packaging tool has been added,open,2021-04-01T19:28:50Z,,,,master,master,,,,,,,,,False,,21289110,"234169, 25290, None, None","30, 30, 30","None, None, False"
607040011,Adding hub to the awesome list,open,2021-04-01T06:43:44Z,,,,master,adding-hubpackage,,,,,,,,,False,,21289110,"234169, 25290, None, None","30, 30, 30","None, None, False"
602687180,Add pyABC,open,2021-03-29T11:33:58Z,,,,master,master,,,,,,,,,False,,21289110,"234169, 25290, None, None","30, 30, 30","None, None, False"
602182285,Add aiohttp-rpc,open,2021-03-28T04:29:41Z,,,,master,master,,,,,,,,,False,,21289110,"234169, 25290, None, None","30, 30, 30","None, None, False"
595018253,Add liquidb to ORM section,open,2021-03-17T20:06:27Z,,,,master,liquidb,,,,,,,,,False,,21289110,"234169, 25290, None, None","30, 30, 30","None, None, False"
593263959,Added new module to date-time section,open,2021-03-15T17:33:22Z,,,,master,patch-1,,,,,,,,,False,,21289110,"234169, 25290, None, None","30, 30, 30","None, None, False"
591122017,Update README.md - added third-party API library,open,2021-03-11T19:32:58Z,,,,master,master,,,,,,,,,False,,21289110,"234169, 25290, None, None","30, 30, 30","None, None, False"
586080525,Add celery-exporter,open,2021-03-06T15:06:37Z,,,,master,add-celery-exporter,,,,,,,,,False,,21289110,"234169, 25290, None, None","30, 30, 30","None, None, False"
586030782,Add Ariadne GraphQL library,open,2021-03-06T09:22:10Z,,,,master,patch-1,,,,,,,,,False,,21289110,"234169, 25290, None, None","30, 30, 30","None, None, False"
579975070,Update README.md,open,2021-02-25T10:11:30Z,,,,master,patch-1,,,,,,,,,False,,21289110,"234169, 25290, None, None","30, 30, 30","None, None, False"
571217897,PyArrow library,open,2021-02-10T16:08:14Z,,,,master,patch-1,,,,,,,,,False,,21289110,"234169, 25290, None, None","30, 30, 30","None, None, False"
568829314,Add Lark,open,2021-02-06T18:20:22Z,,,,master,patch-1,,,,,,,,,False,,21289110,"234169, 25290, None, None","30, 30, 30","None, None, False"
564683258,Add Caer: High-performance Computer Vision library,open,2021-01-31T16:18:27Z,,,,master,master,,,,,,,,,False,,21289110,"234169, 25290, None, None","30, 30, 30","None, None, False"
564648459,Add rsa,open,2021-01-31T12:44:34Z,,,,master,patch-1,,,,,,,,,False,,21289110,"234169, 25290, None, None","30, 30, 30","None, None, False"
563991183,Add tinyscript: A development kit for quickly building argparse-based‚Ä¶,open,2021-01-29T13:39:05Z,,,,master,add_tinyscript,,,,,,,,,False,,21289110,"234169, 25290, None, None","30, 30, 30","None, None, False"
560054796,add traitlets,open,2021-01-22T15:56:24Z,,,,master,add_traitlets,,,,,,,,,False,,21289110,"234169, 25290, None, None","30, 30, 30","None, None, False"
560036528,add pint,open,2021-01-22T15:26:13Z,,,,master,add_pint,,,,,,,,,False,,21289110,"234169, 25290, None, None","30, 30, 30","None, None, False"
559999628,Add D-Tale,open,2021-01-22T14:28:22Z,,,,master,add_dtale,,,,,,,,,False,,21289110,"234169, 25290, None, None","30, 30, 30","None, None, False"
559370271,add holoviews,open,2021-01-21T16:16:27Z,,,,master,add_holoviews,,,,,,,,,False,,21289110,"234169, 25290, None, None","30, 30, 30","None, None, False"
559356014,add oracledb to Database Drivers,open,2021-01-21T16:04:35Z,,,,master,add-cx_oracle,,,,,,,,,False,,21289110,"234169, 25290, None, None","30, 30, 30","None, None, False"
558634930,add @radis - A library for molecular emission and absorption spectroscopy,open,2021-01-20T23:22:37Z,,,,master,master,,,,,,,,,False,,21289110,"234169, 25290, None, None","30, 30, 30","None, None, False"
552715074,Add mediatr library,open,2021-01-11T12:41:55Z,,,,master,master,,,,,,,,,False,,21289110,"234169, 25290, None, None","30, 30, 30","None, None, False"
552148596,Update README.md with MediaCMS,open,2021-01-09T15:48:06Z,,,,master,patch-1,,,,,,,,,False,,21289110,"234169, 25290, None, None","30, 30, 30","None, None, False"
551845199,Add async webframework: FastAPI,open,2021-01-08T16:47:30Z,,,,master,add-fastapi,,,,,,,,,False,,21289110,"234169, 25290, None, None","30, 30, 30","None, None, False"
551714297,Add Thoth's configuration file for Kebechet bot,open,2021-01-08T12:48:10Z,,,,master,add-thoth,,,,,,,,,False,,21289110,"234169, 25290, None, None","30, 30, 30","None, None, False"
551644336,üìù Updated line_profiler repo location,open,2021-01-08T10:21:10Z,,,,master,patch-2,,,,,,,,,False,,21289110,"234169, 25290, None, None","30, 30, 30","None, None, False"
551640572,üìù Add deprecation disclaimer to When.py,open,2021-01-08T10:13:51Z,,,,master,patch-1,,,,,,,,,False,,21289110,"234169, 25290, None, None","30, 30, 30","None, None, False"
551140302,Added deprecation disclaimer for PyUserInput,open,2021-01-07T15:50:11Z,,,,master,patch-1,,,,,,,,,False,,21289110,"234169, 25290, None, None","30, 30, 30","None, None, False"
546232948,Add Texthero,open,2020-12-28T20:46:25Z,,,,master,master,,,,,,,,,False,,21289110,"234169, 25290, None, None","30, 30, 30","None, None, False"
546180500,adds MediaCMS project under cms section,open,2020-12-28T17:53:02Z,,,,master,master,,,,,,,,,False,,21289110,"234169, 25290, None, None","30, 30, 30","None, None, False"
545611269,Add JSONPerf,open,2020-12-25T16:30:13Z,,,,master,patch-1,,,,,,,,,False,,21289110,"234169, 25290, None, None","30, 30, 30","None, None, False"
542515644,Added `timelogging` to the list,open,2020-12-18T12:31:32Z,,,,master,patch-1,,,,,,,,,False,,21289110,"234169, 25290, None, None","30, 30, 30","None, None, False"
541629891,Add FaraPy in cms,open,2020-12-17T06:10:57Z,,,,master,master,,,,,,,,,False,,21289110,"234169, 25290, None, None","30, 30, 30","None, None, False"
538976477,Create awesome-python,open,2020-12-13T16:15:54Z,,,,master,patch-1,,,,,,,,,False,,21289110,"234169, 25290, None, None","30, 30, 30","None, None, False"
538927621,"Added poetry, pipenv, and dephell under dependency management",open,2020-12-13T10:23:27Z,,,,master,patch-1,,,,,,,,,False,,21289110,"234169, 25290, None, None","30, 30, 30","None, None, False"
537472479,Add FastAPI list,open,2020-12-11T22:13:12Z,,,,master,master,,,,,,,,,False,,21289110,"234170, 25290, None, None","30, 30, 30","None, None, False"
537023769,Add jupylet,open,2020-12-11T15:34:26Z,,,,master,master,,,,,,,,,False,,21289110,"234170, 25290, None, None","30, 30, 30","None, None, False"
533997131,Added vimspector to - debugging tools,open,2020-12-07T22:49:26Z,,,,master,patch-1,,,,,,,,,False,,21289110,"234170, 25290, None, None","30, 30, 30","None, None, False"
529049328,Added pysonDB,open,2020-11-29T03:18:02Z,,,,master,master,,,,,,,,,False,,21289110,"234170, 25290, None, None","30, 30, 30","None, None, False"
525228834,Add Neuraxle,open,2020-11-22T04:28:10Z,,,,master,patch-1,,,,,,,,,False,,21289110,"234170, 25290, None, None","30, 30, 30","None, None, False"
522340529,added new item to Websocket section,open,2020-11-17T11:32:50Z,,,,master,wsocket,,,,,,,,,False,,21289110,"234170, 25290, None, None","30, 30, 30","None, None, False"
516313556,added High Performance Python for Data Analytics,open,2020-11-05T20:15:32Z,,,,master,master,,,,,,,,,False,,21289110,"234170, 25290, None, None","30, 30, 30","None, None, False"
516005791,Add santiagobasulto/sargon generator library,open,2020-11-05T11:49:42Z,,,,master,master,,,,,,,,,False,,21289110,"234170, 25290, None, None","30, 30, 30","None, None, False"
512341794,Add Eland,open,2020-10-29T15:03:28Z,,,,master,add-eland,,,,,,,,,False,,21289110,"234170, 25290, None, None","30, 30, 30","None, None, False"
507901115,Add vedo,open,2020-10-21T22:32:48Z,,,,master,master,,,,,,,,,False,,21289110,"234170, 25290, None, None","30, 30, 30","None, None, False"
502585804,Update README.md,open,2020-10-13T17:08:27Z,,,,master,patch-1,,,,,,,,,False,,21289110,"234170, 25290, None, None","30, 30, 30","None, None, False"
501029027,Add viztracer,open,2020-10-10T19:55:35Z,,,,master,master,,,,,,,,,False,,21289110,"234170, 25290, None, None","30, 30, 30","None, None, False"
499806244,Update sort.py,open,2020-10-08T10:04:59Z,,,,master,patch-1,,,,,,,,,False,,21289110,"234170, 25290, None, None","30, 30, 30","None, None, False"
496717556,[code analysis tools] Add fixit,open,2020-10-02T06:41:16Z,,,,master,code-analysis-framework-fixit,,,,,,,,,False,,21289110,"234170, 25290, None, None","30, 30, 30","None, None, False"
496187125,Add Recommenders,open,2020-10-01T11:33:03Z,,,,master,patch-1,,,,,,,,,False,,21289110,"234170, 25290, None, None","30, 30, 30","None, None, False"
495994616,Add Chainer-A Deep Learning framework,open,2020-10-01T06:22:39Z,,,,master,master,,,,,,,,,False,,21289110,"234170, 25290, None, None","30, 30, 30","None, None, False"
495935114,Added Machine Learning Libraries supported by Python,open,2020-10-01T04:08:41Z,,,,master,my_doc,,,,,,,,,False,,21289110,"234170, 25290, None, None","30, 30, 30","None, None, False"
495908134,Added more Data Visualization Libraries,open,2020-10-01T02:36:58Z,,,,master,my_contri,,,,,,,,,False,,21289110,"234170, 25290, None, None","30, 30, 30","None, None, False"
492277987,Add nplusone,open,2020-09-24T08:30:25Z,,,,master,master,,,,,,,,,False,,21289110,"234170, 25290, None, None","30, 30, 30","None, None, False"
489967898,"Add confight, One simple way of parsing configs",open,2020-09-20T22:30:20Z,,,,master,patch-1,,,,,,,,,False,,21289110,"234170, 25290, None, None","30, 30, 30","None, None, False"
486066441,Add textX,open,2020-09-13T00:09:38Z,,,,master,master,,,,,,,,,False,,21289110,"234170, 25290, None, None","30, 30, 30","None, None, False"
480714342,Add sho,open,2020-09-06T10:12:00Z,,,,master,master,,,,,,,,,False,,21289110,"234170, 25290, None, None","30, 30, 30","None, None, False"
480468206,Add LibreSelery,open,2020-09-05T06:53:37Z,,,,master,master,,,,,,,,,False,,21289110,"234170, 25290, None, None","30, 30, 30","None, None, False"
475732973,Add chainer,open,2020-08-29T06:51:26Z,,,,master,patch-3,,,,,,,,,False,,21289110,"234170, 25290, None, None","30, 30, 30","None, None, False"
475098238,Add Cubes,open,2020-08-28T05:25:17Z,,,,master,patch-2,,,,,,,,,False,,21289110,"234170, 25290, None, None","30, 30, 30","None, None, False"
474488955,Added Mahotas library,open,2020-08-27T06:46:08Z,,,,master,patch-1,,,,,,,,,False,,21289110,"234170, 25290, None, None","30, 30, 30","None, None, False"
472900316,Add guietta GUI ,open,2020-08-25T02:42:49Z,,,,master,master,,,,,,,,,False,,21289110,"234170, 25290, None, None","30, 30, 30","None, None, False"
470968570,Add Data Presentation category and Datapane,open,2020-08-20T14:59:34Z,,,,master,master,,,,,,,,,False,,21289110,"234170, 25290, None, None","30, 30, 30","None, None, False"
468131900,Add Dependency Injector,open,2020-08-14T18:43:00Z,,,,master,master,,,,,,,,,False,,21289110,"234170, 25290, None, None","30, 30, 30","None, None, False"
463058534,Add Ciphey,open,2020-08-04T23:19:37Z,,,,master,patch-1,,,,,,,,,False,,21289110,"234170, 25290, None, None","30, 30, 30","None, None, False"
459600982,Add crossbar.io,open,2020-07-30T21:03:38Z,,,,master,master,,,,,,,,,False,,21289110,"234170, 25290, None, None","30, 30, 30","None, None, False"
457849972,Add Pattern,open,2020-07-28T14:31:04Z,,,,master,master,,,,,,,,,False,,21289110,"234170, 25290, None, None","30, 30, 30","None, None, False"
457334595,"Added PyOxidizer to the ""distribution"" section",open,2020-07-27T18:39:48Z,,,,master,patch-1,,,,,,,,,False,,21289110,"234170, 25290, None, None","30, 30, 30","None, None, False"
456556313,Add kite plugin for vscode,open,2020-07-25T03:01:44Z,,,,master,master,,,,,,,,,False,,21289110,"234170, 25290, None, None","30, 30, 30","None, None, False"
455970022,Add Optic,open,2020-07-23T21:50:51Z,,,,master,patch-1,,,,,,,,,False,,21289110,"234170, 25290, None, None","30, 30, 30","None, None, False"
447250357,Add Microsoft QuantumLibraries,open,2020-07-10T06:21:48Z,,,,master,patch-2,,,,,,,,,False,,21289110,"234170, 25290, None, None","30, 30, 30","None, None, False"
447047408,Added pycrunch - Continuous test runner,open,2020-07-09T19:19:58Z,,,,master,added-pycrunch-v2,,,,,,,,,False,,21289110,"234170, 25290, None, None","30, 30, 30","None, None, False"
447031525,Added pytrace - Time-Travel Debugger,open,2020-07-09T18:44:26Z,,,,master,added-pytrace,,,,,,,,,False,,21289110,"234170, 25290, None, None","30, 30, 30","None, None, False"
442705955,Add MeiliSearch-python,open,2020-07-01T13:37:53Z,,,,master,add_meilisearch_python,,,,,,,,,False,,21289110,"234170, 25290, None, None","30, 30, 30","None, None, False"
438360245,Add mockito,open,2020-06-23T06:54:50Z,,,,master,add_mockito,,,,,,,,,False,,21289110,"234170, 25290, None, None","30, 30, 30","None, None, False"
437056143,Add the Fil memory profiler,open,2020-06-19T11:46:16Z,,,,master,patch-1,,,,,,,,,False,,21289110,"234171, 25290, None, None","30, 30, 30","None, None, False"
436570021,Add nox,open,2020-06-18T15:44:57Z,,,,master,patch-1,,,,,,,,,False,,21289110,"234171, 25290, None, None","30, 30, 30","None, None, False"
423868394,Add python-testing-crawler,open,2020-05-27T13:53:33Z,,,,master,patch-2,,,,,,,,,False,,21289110,"234171, 25290, None, None","30, 30, 30","None, None, False"
419470857,Added Little Ball of Fur,open,2020-05-18T12:32:29Z,,,,master,patch-1,,,,,,,,,False,,21289110,"234171, 25290, None, None","30, 30, 30","None, None, False"
419007640,Added folium in data visualization libraries,open,2020-05-16T18:47:15Z,,,,master,patch-1,,,,,,,,,False,,21289110,"234171, 25290, None, None","30, 30, 30","None, None, False"
418866361,Add PyOpenAL for audio playback,open,2020-05-15T22:45:17Z,,,,master,patch-1,,,,,,,,,False,,21289110,"234171, 25290, None, None","30, 30, 30","None, None, False"
417277715,Add law,open,2020-05-13T10:45:26Z,,,,master,master,,,,,,,,,False,,21289110,"234171, 25290, None, None","30, 30, 30","None, None, False"
415789070,Add links to several popular tools which wrap C++ code into python module,open,2020-05-10T22:12:21Z,,,,master,master,,,,,,,,,False,,21289110,"234171, 25290, None, None","30, 30, 30","None, None, False"
415074389,"Add pywasm, a webassembly interpreter",open,2020-05-08T06:39:37Z,,,,master,addpywasm,,,,,,,,,False,,21289110,"234171, 25290, None, None","30, 30, 30","None, None, False"
408258920,docs: add imgix-python to image libraries,open,2020-04-23T23:59:50Z,,,,master,patch-1,,,,,,,,,False,,21289110,"234171, 25290, None, None","30, 30, 30","None, None, False"
397657454,Add RepTate,open,2020-04-02T15:38:22Z,,,,master,RepTate,,,,,,,,,False,,21289110,"234171, 25290, None, None","30, 30, 30","None, None, False"
392467713,add dynamic-conf under configuration section,open,2020-03-23T15:47:36Z,,,,master,master,,,,,,,,,False,,21289110,"234171, 25290, None, None","30, 30, 30","None, None, False"
389426865,Updates README.md,open,2020-03-16T18:32:24Z,,,,master,patch-1,,,,,,,,,False,,21289110,"234171, 25290, None, None","30, 30, 30","None, None, False"
387472800,Add micropipenv,open,2020-03-12T21:07:11Z,,,,master,micropipenv,,,,,,,,,False,,21289110,"234171, 25290, None, None","30, 30, 30","None, None, False"
385336056,added udemy-dl to Downloader section,open,2020-03-09T00:44:29Z,,,,master,patch-1,,,,,,,,,False,,21289110,"234171, 25290, None, None","30, 30, 30","None, None, False"
385130552,Migrate from Travis CI to GitHub Actions for site deployment,open,2020-03-07T10:25:31Z,,,,master,github-actions,,,,,,,,,False,,21289110,"234171, 25290, None, None","30, 30, 30","None, None, False"
383031429,Add django-google-optimize,open,2020-03-03T15:54:12Z,,,,master,add-django-google-optimize,,,,,,,,,False,,21289110,"234171, 25290, None, None","30, 30, 30","None, None, False"
381334490,:tada: Initial commit. (piny - yaml config library),open,2020-02-28T11:09:27Z,,,,master,feature/add_piny_to_configuration,,,,,,,,,False,,21289110,"234171, 25290, None, None","30, 30, 30","None, None, False"
380952835,Add py_cui and pyautogit projects,open,2020-02-27T16:39:26Z,,,,master,master,,,,,,,,,False,,21289110,"234171, 25290, None, None","30, 30, 30","None, None, False"
374469565,Add ezpy/deadsnakes,open,2020-02-12T18:48:39Z,,,,master,patch-5,,,,,,,,,False,,21289110,"234171, 25290, None, None","30, 30, 30","None, None, False"
374459645,Add sphinx-click and click-man,open,2020-02-12T18:25:08Z,,,,master,patch-3,,,,,,,,,False,,21289110,"234171, 25290, None, None","30, 30, 30","None, None, False"
369939770,Add Synapses to Deep Learning section,open,2020-02-01T21:06:25Z,,,,master,master,,,,,,,,,False,,21289110,"234171, 25290, None, None","30, 30, 30","None, None, False"
365001819,Add SEAPIE,open,2020-01-20T21:04:21Z,,,,master,master,,,,,,,,,False,,21289110,"234171, 25290, None, None","30, 30, 30","None, None, False"
364955845,Added Build passing and Code coverage ,open,2020-01-20T18:21:16Z,,,,master,master,,,,,,,vinta,,False,,21289110,"234171, 25290, None, None","30, 30, 30","None, None, False"
362559283,add sourcery to refactoring section,open,2020-01-14T10:30:44Z,,,,master,add-sourcery,,,,,,,,,False,,21289110,"234171, 25290, None, None","30, 30, 30","None, None, False"
361748892,Add python-jsonstore,open,2020-01-11T17:32:56Z,,,,master,add-python-jsonstore,,,,,,,,,False,,21289110,"234171, 25290, None, None","30, 30, 30","None, None, False"
360789079,Add Datapad Project,open,2020-01-09T06:10:11Z,,,,master,patch-1,,,,,,,,,False,,21289110,"234171, 25290, None, None","30, 30, 30","None, None, False"
357545443,Added PyIDM,open,2019-12-28T16:40:39Z,,,,master,master,,,,,,,,,False,,21289110,"234171, 25290, None, None","30, 30, 30","None, None, False"
356000452,Added nosqlmodels,open,2019-12-21T13:21:33Z,,,,master,master,,,,,,,,,False,,21289110,"234171, 25290, None, None","30, 30, 30","None, None, False"
352211886,Added Buildbot,open,2019-12-12T03:15:51Z,,,,master,awesome/cicd-buildbot,,,,,,,,,False,,21289110,"234171, 25290, None, None","30, 30, 30","None, None, False"
350677831,add Quart web microframework,open,2019-12-09T12:04:27Z,,,,master,patch-2,,,,,,,,,False,,21289110,"234171, 25290, None, None","30, 30, 30","None, None, False"
347509306,Add PyInquirer,open,2019-12-02T08:59:05Z,,,,master,feature/PyInquirer,,,,,,,,,False,,21289110,"234171, 25290, None, None","30, 30, 30","None, None, False"
347369921,Add pconf,open,2019-12-01T20:55:49Z,,,,master,master,,,,,,,,,False,,21289110,"234171, 25290, None, None","30, 30, 30","None, None, False"
344881022,Update README.md,open,2019-11-24T07:27:32Z,,,,master,patch-1,,,,,,,,,False,,21289110,"234171, 25290, None, None","30, 30, 30","None, None, False"
344299643,Added TextBlob to NLP category.,open,2019-11-22T00:43:47Z,,,,master,add-textblob,,,,,,,,,False,,21289110,"234171, 25290, None, None","30, 30, 30","None, None, False"
